"sample_number","sample_id","library","Locus","Primer_Tag","Tag_Sequence","Primer1_Name","Primer1_Sequence_core","Primer1_Sequence_full","Primer2_Name","Primer2_Sequence_core","Primer2_Sequence_full","env_sample_name","sample_time","sample_type"
1,"ACACAC_LIB1","LIB1","16S","tag01","ACACAC","16S_metazoa_tag01F","AGTTACYYTAGGGATAACAGCG","NNNACACACAGTTACYYTAGGGATAACAGCG","16S_metazoa_tag01R","CCGGTCTGAACTCAGATCAYGT","NNNACACACCCGGTCTGAACTCAGATCAYGT","PCB-0626-0930","2014-06-26 09:30:00","environmental"
2,"ACAGCA_LIB1","LIB1","16S","tag02","ACAGCA","16S_metazoa_tag02F","AGTTACYYTAGGGATAACAGCG","NNNACAGCAAGTTACYYTAGGGATAACAGCG","16S_metazoa_tag02R","CCGGTCTGAACTCAGATCAYGT","NNNACAGCACCGGTCTGAACTCAGATCAYGT","PCB-0626-0930","2014-06-26 09:30:00","environmental"
3,"GTCTCT_LIB1","LIB1","16S","tag03","GTCTCT","16S_metazoa_tag03F","AGTTACYYTAGGGATAACAGCG","NNNGTCTCTAGTTACYYTAGGGATAACAGCG","16S_metazoa_tag03R","CCGGTCTGAACTCAGATCAYGT","NNNGTCTCTCCGGTCTGAACTCAGATCAYGT","PCB-0626-1030","2014-06-26 10:30:00","environmental"
4,"GCGCTC_LIB1","LIB1","16S","tag04","GCGCTC","16S_metazoa_tag04F","AGTTACYYTAGGGATAACAGCG","NNNGCGCTCAGTTACYYTAGGGATAACAGCG","16S_metazoa_tag04R","CCGGTCTGAACTCAGATCAYGT","NNNGCGCTCCCGGTCTGAACTCAGATCAYGT","PCB-0626-1030","2014-06-26 10:30:00","environmental"
5,"ACATGT_LIB1","LIB1","16S","tag05","ACATGT","16S_metazoa_tag05F","AGTTACYYTAGGGATAACAGCG","NNNACATGTAGTTACYYTAGGGATAACAGCG","16S_metazoa_tag05R","CCGGTCTGAACTCAGATCAYGT","NNNACATGTCCGGTCTGAACTCAGATCAYGT","PCB-0626-1130","2014-06-26 11:30:00","environmental"
6,"ACGACG_LIB1","LIB1","16S","tag06","ACGACG","16S_metazoa_tag06F","AGTTACYYTAGGGATAACAGCG","NNNACGACGAGTTACYYTAGGGATAACAGCG","16S_metazoa_tag06R","CCGGTCTGAACTCAGATCAYGT","NNNACGACGCCGGTCTGAACTCAGATCAYGT","PCB-0626-1130","2014-06-26 11:30:00","environmental"
7,"ATATCG_LIB1","LIB1","16S","tag07","ATATCG","16S_metazoa_tag07F","AGTTACYYTAGGGATAACAGCG","NNNATATCGAGTTACYYTAGGGATAACAGCG","16S_metazoa_tag07R","CCGGTCTGAACTCAGATCAYGT","NNNATATCGCCGGTCTGAACTCAGATCAYGT","PCB-0626-1230","2014-06-26 12:30:00","environmental"
8,"CTCGCA_LIB1","LIB1","16S","tag08","CTCGCA","16S_metazoa_tag08F","AGTTACYYTAGGGATAACAGCG","NNNCTCGCAAGTTACYYTAGGGATAACAGCG","16S_metazoa_tag08R","CCGGTCTGAACTCAGATCAYGT","NNNCTCGCACCGGTCTGAACTCAGATCAYGT","PCB-0626-1230","2014-06-26 12:30:00","environmental"
9,"TCGCAT_LIB1","LIB1","16S","tag09","TCGCAT","16S_metazoa_tag09F","AGTTACYYTAGGGATAACAGCG","NNNTCGCATAGTTACYYTAGGGATAACAGCG","16S_metazoa_tag09R","CCGGTCTGAACTCAGATCAYGT","NNNTCGCATCCGGTCTGAACTCAGATCAYGT","PCB-0626-1330","2014-06-26 13:30:00","environmental"
10,"TGTATG_LIB1","LIB1","16S","tag10","TGTATG","16S_metazoa_tag10F","AGTTACYYTAGGGATAACAGCG","NNNTGTATGAGTTACYYTAGGGATAACAGCG","16S_metazoa_tag10R","CCGGTCTGAACTCAGATCAYGT","NNNTGTATGCCGGTCTGAACTCAGATCAYGT","PCB-0626-1330","2014-06-26 13:30:00","environmental"
11,"GCAGTG_LIB1","LIB1","16S","tag11","GCAGTG","16S_metazoa_tag11F","AGTTACYYTAGGGATAACAGCG","NNNGCAGTGAGTTACYYTAGGGATAACAGCG","16S_metazoa_tag11R","CCGGTCTGAACTCAGATCAYGT","NNNGCAGTGCCGGTCTGAACTCAGATCAYGT","PCB-0627-0935","2014-06-27 09:35:00","environmental"
12,"GATGAC_LIB1","LIB1","16S","tag12","GATGAC","16S_metazoa_tag12F","AGTTACYYTAGGGATAACAGCG","NNNGATGACAGTTACYYTAGGGATAACAGCG","16S_metazoa_tag12R","CCGGTCTGAACTCAGATCAYGT","NNNGATGACCCGGTCTGAACTCAGATCAYGT","PCB-0627-0935","2014-06-27 09:35:00","environmental"
13,"ATCAGT_LIB1","LIB1","16S","tag13","ATCAGT","16S_metazoa_tag13F","AGTTACYYTAGGGATAACAGCG","NNNATCAGTAGTTACYYTAGGGATAACAGCG","16S_metazoa_tag13R","CCGGTCTGAACTCAGATCAYGT","NNNATCAGTCCGGTCTGAACTCAGATCAYGT","PCB-0627-1120","2014-06-27 11:20:00","environmental"
14,"TCGTCA_LIB1","LIB1","16S","tag14","TCGTCA","16S_metazoa_tag14F","AGTTACYYTAGGGATAACAGCG","NNNTCGTCAAGTTACYYTAGGGATAACAGCG","16S_metazoa_tag14R","CCGGTCTGAACTCAGATCAYGT","NNNTCGTCACCGGTCTGAACTCAGATCAYGT","PCB-0627-1120","2014-06-27 11:20:00","environmental"
15,"CGACGC_LIB1","LIB1","16S","tag15","CGACGC","16S_metazoa_tag15F","AGTTACYYTAGGGATAACAGCG","NNNCGACGCAGTTACYYTAGGGATAACAGCG","16S_metazoa_tag15R","CCGGTCTGAACTCAGATCAYGT","NNNCGACGCCCGGTCTGAACTCAGATCAYGT","PCB-0627-1215","2014-06-27 12:15:00","environmental"
16,"GCGAGT_LIB1","LIB1","16S","tag16","GCGAGT","16S_metazoa_tag16F","AGTTACYYTAGGGATAACAGCG","NNNGCGAGTAGTTACYYTAGGGATAACAGCG","16S_metazoa_tag16R","CCGGTCTGAACTCAGATCAYGT","NNNGCGAGTCCGGTCTGAACTCAGATCAYGT","PCB-0627-1215","2014-06-27 12:15:00","environmental"
17,"ACTAGC_LIB1","LIB1","16S","tag17","ACTAGC","16S_metazoa_tag17F","AGTTACYYTAGGGATAACAGCG","NNNACTAGCAGTTACYYTAGGGATAACAGCG","16S_metazoa_tag17R","CCGGTCTGAACTCAGATCAYGT","NNNACTAGCCCGGTCTGAACTCAGATCAYGT","PCB-0627-1300","2014-06-27 13:00:00","environmental"
18,"CACGAT_LIB1","LIB1","16S","tag18","CACGAT","16S_metazoa_tag18F","AGTTACYYTAGGGATAACAGCG","NNNCACGATAGTTACYYTAGGGATAACAGCG","16S_metazoa_tag18R","CCGGTCTGAACTCAGATCAYGT","NNNCACGATCCGGTCTGAACTCAGATCAYGT","PCB-0627-1300","2014-06-27 13:00:00","environmental"
19,"CTGCGT_LIB1","LIB1","16S","tag19","CTGCGT","16S_metazoa_tag19F","AGTTACYYTAGGGATAACAGCG","NNNCTGCGTAGTTACYYTAGGGATAACAGCG","16S_metazoa_tag19R","CCGGTCTGAACTCAGATCAYGT","NNNCTGCGTCCGGTCTGAACTCAGATCAYGT","PCB-0629-1205","2014-06-29 12:05:00","environmental"
20,"ACTCTG_LIB1","LIB1","16S","tag20","ACTCTG","16S_metazoa_tag20F","AGTTACYYTAGGGATAACAGCG","NNNACTCTGAGTTACYYTAGGGATAACAGCG","16S_metazoa_tag20R","CCGGTCTGAACTCAGATCAYGT","NNNACTCTGCCGGTCTGAACTCAGATCAYGT","PCB-0629-1205","2014-06-29 12:05:00","environmental"
21,"ACTGAT_LIB1","LIB1","16S","tag21","ACTGAT","16S_metazoa_tag21F","AGTTACYYTAGGGATAACAGCG","NNNACTGATAGTTACYYTAGGGATAACAGCG","16S_metazoa_tag21R","CCGGTCTGAACTCAGATCAYGT","NNNACTGATCCGGTCTGAACTCAGATCAYGT","PCB-0629-1400","2014-06-29 14:00:00","environmental"
22,"GCGTAG_LIB1","LIB1","16S","tag22","GCGTAG","16S_metazoa_tag22F","AGTTACYYTAGGGATAACAGCG","NNNGCGTAGAGTTACYYTAGGGATAACAGCG","16S_metazoa_tag22R","CCGGTCTGAACTCAGATCAYGT","NNNGCGTAGCCGGTCTGAACTCAGATCAYGT","PCB-0629-1400","2014-06-29 14:00:00","environmental"
23,"TACGTG_LIB1","LIB1","16S","tag23","TACGTG","16S_metazoa_tag23F","AGTTACYYTAGGGATAACAGCG","NNNTACGTGAGTTACYYTAGGGATAACAGCG","16S_metazoa_tag23R","CCGGTCTGAACTCAGATCAYGT","NNNTACGTGCCGGTCTGAACTCAGATCAYGT","TILAPIA","NA","control"
24,"ATGATA_LIB1","LIB1","16S","tag24","ATGATA","16S_metazoa_tag24F","AGTTACYYTAGGGATAACAGCG","NNNATGATAAGTTACYYTAGGGATAACAGCG","16S_metazoa_tag24R","CCGGTCTGAACTCAGATCAYGT","NNNATGATACCGGTCTGAACTCAGATCAYGT","TILAPIA","NA","control"
25,"TCTGCG_LIB1","LIB1","16S","tag25","TCTGCG","16S_metazoa_tag25F","AGTTACYYTAGGGATAACAGCG","NNNTCTGCGAGTTACYYTAGGGATAACAGCG","16S_metazoa_tag25R","CCGGTCTGAACTCAGATCAYGT","NNNTCTGCGCCGGTCTGAACTCAGATCAYGT","DIH20-20140709","NA","control"
26,"ACACAC_LIB2","LIB2","16S","tag01","ACACAC","16S_metazoa_tag01F","AGTTACYYTAGGGATAACAGCG","NNNACACACAGTTACYYTAGGGATAACAGCG","16S_metazoa_tag01R","CCGGTCTGAACTCAGATCAYGT","NNNACACACCCGGTCTGAACTCAGATCAYGT","PCB-0626-0930","2014-06-26 09:30:00","environmental"
27,"ACAGCA_LIB2","LIB2","16S","tag02","ACAGCA","16S_metazoa_tag02F","AGTTACYYTAGGGATAACAGCG","NNNACAGCAAGTTACYYTAGGGATAACAGCG","16S_metazoa_tag02R","CCGGTCTGAACTCAGATCAYGT","NNNACAGCACCGGTCTGAACTCAGATCAYGT","PCB-0626-0930","2014-06-26 09:30:00","environmental"
28,"GTCTCT_LIB2","LIB2","16S","tag03","GTCTCT","16S_metazoa_tag03F","AGTTACYYTAGGGATAACAGCG","NNNGTCTCTAGTTACYYTAGGGATAACAGCG","16S_metazoa_tag03R","CCGGTCTGAACTCAGATCAYGT","NNNGTCTCTCCGGTCTGAACTCAGATCAYGT","PCB-0626-1030","2014-06-26 10:30:00","environmental"
29,"GCGCTC_LIB2","LIB2","16S","tag04","GCGCTC","16S_metazoa_tag04F","AGTTACYYTAGGGATAACAGCG","NNNGCGCTCAGTTACYYTAGGGATAACAGCG","16S_metazoa_tag04R","CCGGTCTGAACTCAGATCAYGT","NNNGCGCTCCCGGTCTGAACTCAGATCAYGT","PCB-0626-1030","2014-06-26 10:30:00","environmental"
30,"ACATGT_LIB2","LIB2","16S","tag05","ACATGT","16S_metazoa_tag05F","AGTTACYYTAGGGATAACAGCG","NNNACATGTAGTTACYYTAGGGATAACAGCG","16S_metazoa_tag05R","CCGGTCTGAACTCAGATCAYGT","NNNACATGTCCGGTCTGAACTCAGATCAYGT","PCB-0626-1130","2014-06-26 11:30:00","environmental"
31,"ACGACG_LIB2","LIB2","16S","tag06","ACGACG","16S_metazoa_tag06F","AGTTACYYTAGGGATAACAGCG","NNNACGACGAGTTACYYTAGGGATAACAGCG","16S_metazoa_tag06R","CCGGTCTGAACTCAGATCAYGT","NNNACGACGCCGGTCTGAACTCAGATCAYGT","PCB-0626-1130","2014-06-26 11:30:00","environmental"
32,"ATATCG_LIB2","LIB2","16S","tag07","ATATCG","16S_metazoa_tag07F","AGTTACYYTAGGGATAACAGCG","NNNATATCGAGTTACYYTAGGGATAACAGCG","16S_metazoa_tag07R","CCGGTCTGAACTCAGATCAYGT","NNNATATCGCCGGTCTGAACTCAGATCAYGT","PCB-0626-1230","2014-06-26 12:30:00","environmental"
33,"CTCGCA_LIB2","LIB2","16S","tag08","CTCGCA","16S_metazoa_tag08F","AGTTACYYTAGGGATAACAGCG","NNNCTCGCAAGTTACYYTAGGGATAACAGCG","16S_metazoa_tag08R","CCGGTCTGAACTCAGATCAYGT","NNNCTCGCACCGGTCTGAACTCAGATCAYGT","PCB-0626-1230","2014-06-26 12:30:00","environmental"
34,"TCGCAT_LIB2","LIB2","16S","tag09","TCGCAT","16S_metazoa_tag09F","AGTTACYYTAGGGATAACAGCG","NNNTCGCATAGTTACYYTAGGGATAACAGCG","16S_metazoa_tag09R","CCGGTCTGAACTCAGATCAYGT","NNNTCGCATCCGGTCTGAACTCAGATCAYGT","PCB-0626-1330","2014-06-26 13:30:00","environmental"
35,"TGTATG_LIB2","LIB2","16S","tag10","TGTATG","16S_metazoa_tag10F","AGTTACYYTAGGGATAACAGCG","NNNTGTATGAGTTACYYTAGGGATAACAGCG","16S_metazoa_tag10R","CCGGTCTGAACTCAGATCAYGT","NNNTGTATGCCGGTCTGAACTCAGATCAYGT","PCB-0626-1330","2014-06-26 13:30:00","environmental"
36,"GCAGTG_LIB2","LIB2","16S","tag11","GCAGTG","16S_metazoa_tag11F","AGTTACYYTAGGGATAACAGCG","NNNGCAGTGAGTTACYYTAGGGATAACAGCG","16S_metazoa_tag11R","CCGGTCTGAACTCAGATCAYGT","NNNGCAGTGCCGGTCTGAACTCAGATCAYGT","PCB-0627-0935","2014-06-27 09:35:00","environmental"
37,"GATGAC_LIB2","LIB2","16S","tag12","GATGAC","16S_metazoa_tag12F","AGTTACYYTAGGGATAACAGCG","NNNGATGACAGTTACYYTAGGGATAACAGCG","16S_metazoa_tag12R","CCGGTCTGAACTCAGATCAYGT","NNNGATGACCCGGTCTGAACTCAGATCAYGT","PCB-0627-0935","2014-06-27 09:35:00","environmental"
38,"ATCAGT_LIB2","LIB2","16S","tag13","ATCAGT","16S_metazoa_tag13F","AGTTACYYTAGGGATAACAGCG","NNNATCAGTAGTTACYYTAGGGATAACAGCG","16S_metazoa_tag13R","CCGGTCTGAACTCAGATCAYGT","NNNATCAGTCCGGTCTGAACTCAGATCAYGT","PCB-0627-1120","2014-06-27 11:20:00","environmental"
39,"TCGTCA_LIB2","LIB2","16S","tag14","TCGTCA","16S_metazoa_tag14F","AGTTACYYTAGGGATAACAGCG","NNNTCGTCAAGTTACYYTAGGGATAACAGCG","16S_metazoa_tag14R","CCGGTCTGAACTCAGATCAYGT","NNNTCGTCACCGGTCTGAACTCAGATCAYGT","PCB-0627-1120","2014-06-27 11:20:00","environmental"
40,"CGACGC_LIB2","LIB2","16S","tag15","CGACGC","16S_metazoa_tag15F","AGTTACYYTAGGGATAACAGCG","NNNCGACGCAGTTACYYTAGGGATAACAGCG","16S_metazoa_tag15R","CCGGTCTGAACTCAGATCAYGT","NNNCGACGCCCGGTCTGAACTCAGATCAYGT","PCB-0627-1215","2014-06-27 12:15:00","environmental"
41,"GCGAGT_LIB2","LIB2","16S","tag16","GCGAGT","16S_metazoa_tag16F","AGTTACYYTAGGGATAACAGCG","NNNGCGAGTAGTTACYYTAGGGATAACAGCG","16S_metazoa_tag16R","CCGGTCTGAACTCAGATCAYGT","NNNGCGAGTCCGGTCTGAACTCAGATCAYGT","PCB-0627-1215","2014-06-27 12:15:00","environmental"
42,"ACTAGC_LIB2","LIB2","16S","tag17","ACTAGC","16S_metazoa_tag17F","AGTTACYYTAGGGATAACAGCG","NNNACTAGCAGTTACYYTAGGGATAACAGCG","16S_metazoa_tag17R","CCGGTCTGAACTCAGATCAYGT","NNNACTAGCCCGGTCTGAACTCAGATCAYGT","PCB-0627-1300","2014-06-27 13:00:00","environmental"
43,"CACGAT_LIB2","LIB2","16S","tag18","CACGAT","16S_metazoa_tag18F","AGTTACYYTAGGGATAACAGCG","NNNCACGATAGTTACYYTAGGGATAACAGCG","16S_metazoa_tag18R","CCGGTCTGAACTCAGATCAYGT","NNNCACGATCCGGTCTGAACTCAGATCAYGT","PCB-0627-1300","2014-06-27 13:00:00","environmental"
44,"CTGCGT_LIB2","LIB2","16S","tag19","CTGCGT","16S_metazoa_tag19F","AGTTACYYTAGGGATAACAGCG","NNNCTGCGTAGTTACYYTAGGGATAACAGCG","16S_metazoa_tag19R","CCGGTCTGAACTCAGATCAYGT","NNNCTGCGTCCGGTCTGAACTCAGATCAYGT","PCB-0629-1205","2014-06-29 12:05:00","environmental"
45,"ACTCTG_LIB2","LIB2","16S","tag20","ACTCTG","16S_metazoa_tag20F","AGTTACYYTAGGGATAACAGCG","NNNACTCTGAGTTACYYTAGGGATAACAGCG","16S_metazoa_tag20R","CCGGTCTGAACTCAGATCAYGT","NNNACTCTGCCGGTCTGAACTCAGATCAYGT","PCB-0629-1205","2014-06-29 12:05:00","environmental"
46,"ACTGAT_LIB2","LIB2","16S","tag21","ACTGAT","16S_metazoa_tag21F","AGTTACYYTAGGGATAACAGCG","NNNACTGATAGTTACYYTAGGGATAACAGCG","16S_metazoa_tag21R","CCGGTCTGAACTCAGATCAYGT","NNNACTGATCCGGTCTGAACTCAGATCAYGT","PCB-0629-1400","2014-06-29 14:00:00","environmental"
47,"GCGTAG_LIB2","LIB2","16S","tag22","GCGTAG","16S_metazoa_tag22F","AGTTACYYTAGGGATAACAGCG","NNNGCGTAGAGTTACYYTAGGGATAACAGCG","16S_metazoa_tag22R","CCGGTCTGAACTCAGATCAYGT","NNNGCGTAGCCGGTCTGAACTCAGATCAYGT","PCB-0629-1400","2014-06-29 14:00:00","environmental"
48,"TACGTG_LIB2","LIB2","16S","tag23","TACGTG","16S_metazoa_tag23F","AGTTACYYTAGGGATAACAGCG","NNNTACGTGAGTTACYYTAGGGATAACAGCG","16S_metazoa_tag23R","CCGGTCTGAACTCAGATCAYGT","NNNTACGTGCCGGTCTGAACTCAGATCAYGT","TILAPIA","NA","control"
49,"ATGATA_LIB2","LIB2","16S","tag24","ATGATA","16S_metazoa_tag24F","AGTTACYYTAGGGATAACAGCG","NNNATGATAAGTTACYYTAGGGATAACAGCG","16S_metazoa_tag24R","CCGGTCTGAACTCAGATCAYGT","NNNATGATACCGGTCTGAACTCAGATCAYGT","TILAPIA","NA","control"
50,"TCTGCG_LIB2","LIB2","16S","tag25","TCTGCG","16S_metazoa_tag25F","AGTTACYYTAGGGATAACAGCG","NNNTCTGCGAGTTACYYTAGGGATAACAGCG","16S_metazoa_tag25R","CCGGTCTGAACTCAGATCAYGT","NNNTCTGCGCCGGTCTGAACTCAGATCAYGT","DIH20-20140709","NA","control"
51,"ACACAC_LIB3","LIB3","16S","tag01","ACACAC","16S_metazoa_tag01F","AGTTACYYTAGGGATAACAGCG","NNNACACACAGTTACYYTAGGGATAACAGCG","16S_metazoa_tag01R","CCGGTCTGAACTCAGATCAYGT","NNNACACACCCGGTCTGAACTCAGATCAYGT","PCB-0626-0930","2014-06-26 09:30:00","environmental"
52,"ACAGCA_LIB3","LIB3","16S","tag02","ACAGCA","16S_metazoa_tag02F","AGTTACYYTAGGGATAACAGCG","NNNACAGCAAGTTACYYTAGGGATAACAGCG","16S_metazoa_tag02R","CCGGTCTGAACTCAGATCAYGT","NNNACAGCACCGGTCTGAACTCAGATCAYGT","PCB-0626-0930","2014-06-26 09:30:00","environmental"
53,"GTCTCT_LIB3","LIB3","16S","tag03","GTCTCT","16S_metazoa_tag03F","AGTTACYYTAGGGATAACAGCG","NNNGTCTCTAGTTACYYTAGGGATAACAGCG","16S_metazoa_tag03R","CCGGTCTGAACTCAGATCAYGT","NNNGTCTCTCCGGTCTGAACTCAGATCAYGT","PCB-0626-1030","2014-06-26 10:30:00","environmental"
54,"GCGCTC_LIB3","LIB3","16S","tag04","GCGCTC","16S_metazoa_tag04F","AGTTACYYTAGGGATAACAGCG","NNNGCGCTCAGTTACYYTAGGGATAACAGCG","16S_metazoa_tag04R","CCGGTCTGAACTCAGATCAYGT","NNNGCGCTCCCGGTCTGAACTCAGATCAYGT","PCB-0626-1030","2014-06-26 10:30:00","environmental"
55,"ACATGT_LIB3","LIB3","16S","tag05","ACATGT","16S_metazoa_tag05F","AGTTACYYTAGGGATAACAGCG","NNNACATGTAGTTACYYTAGGGATAACAGCG","16S_metazoa_tag05R","CCGGTCTGAACTCAGATCAYGT","NNNACATGTCCGGTCTGAACTCAGATCAYGT","PCB-0626-1130","2014-06-26 11:30:00","environmental"
56,"ACGACG_LIB3","LIB3","16S","tag06","ACGACG","16S_metazoa_tag06F","AGTTACYYTAGGGATAACAGCG","NNNACGACGAGTTACYYTAGGGATAACAGCG","16S_metazoa_tag06R","CCGGTCTGAACTCAGATCAYGT","NNNACGACGCCGGTCTGAACTCAGATCAYGT","PCB-0626-1130","2014-06-26 11:30:00","environmental"
57,"ATATCG_LIB3","LIB3","16S","tag07","ATATCG","16S_metazoa_tag07F","AGTTACYYTAGGGATAACAGCG","NNNATATCGAGTTACYYTAGGGATAACAGCG","16S_metazoa_tag07R","CCGGTCTGAACTCAGATCAYGT","NNNATATCGCCGGTCTGAACTCAGATCAYGT","PCB-0626-1230","2014-06-26 12:30:00","environmental"
58,"CTCGCA_LIB3","LIB3","16S","tag08","CTCGCA","16S_metazoa_tag08F","AGTTACYYTAGGGATAACAGCG","NNNCTCGCAAGTTACYYTAGGGATAACAGCG","16S_metazoa_tag08R","CCGGTCTGAACTCAGATCAYGT","NNNCTCGCACCGGTCTGAACTCAGATCAYGT","PCB-0626-1230","2014-06-26 12:30:00","environmental"
59,"TCGCAT_LIB3","LIB3","16S","tag09","TCGCAT","16S_metazoa_tag09F","AGTTACYYTAGGGATAACAGCG","NNNTCGCATAGTTACYYTAGGGATAACAGCG","16S_metazoa_tag09R","CCGGTCTGAACTCAGATCAYGT","NNNTCGCATCCGGTCTGAACTCAGATCAYGT","PCB-0626-1330","2014-06-26 13:30:00","environmental"
60,"TGTATG_LIB3","LIB3","16S","tag10","TGTATG","16S_metazoa_tag10F","AGTTACYYTAGGGATAACAGCG","NNNTGTATGAGTTACYYTAGGGATAACAGCG","16S_metazoa_tag10R","CCGGTCTGAACTCAGATCAYGT","NNNTGTATGCCGGTCTGAACTCAGATCAYGT","PCB-0626-1330","2014-06-26 13:30:00","environmental"
61,"GCAGTG_LIB3","LIB3","16S","tag11","GCAGTG","16S_metazoa_tag11F","AGTTACYYTAGGGATAACAGCG","NNNGCAGTGAGTTACYYTAGGGATAACAGCG","16S_metazoa_tag11R","CCGGTCTGAACTCAGATCAYGT","NNNGCAGTGCCGGTCTGAACTCAGATCAYGT","PCB-0627-0935","2014-06-27 09:35:00","environmental"
62,"GATGAC_LIB3","LIB3","16S","tag12","GATGAC","16S_metazoa_tag12F","AGTTACYYTAGGGATAACAGCG","NNNGATGACAGTTACYYTAGGGATAACAGCG","16S_metazoa_tag12R","CCGGTCTGAACTCAGATCAYGT","NNNGATGACCCGGTCTGAACTCAGATCAYGT","PCB-0627-0935","2014-06-27 09:35:00","environmental"
63,"ATCAGT_LIB3","LIB3","16S","tag13","ATCAGT","16S_metazoa_tag13F","AGTTACYYTAGGGATAACAGCG","NNNATCAGTAGTTACYYTAGGGATAACAGCG","16S_metazoa_tag13R","CCGGTCTGAACTCAGATCAYGT","NNNATCAGTCCGGTCTGAACTCAGATCAYGT","PCB-0627-1120","2014-06-27 11:20:00","environmental"
64,"TCGTCA_LIB3","LIB3","16S","tag14","TCGTCA","16S_metazoa_tag14F","AGTTACYYTAGGGATAACAGCG","NNNTCGTCAAGTTACYYTAGGGATAACAGCG","16S_metazoa_tag14R","CCGGTCTGAACTCAGATCAYGT","NNNTCGTCACCGGTCTGAACTCAGATCAYGT","PCB-0627-1120","2014-06-27 11:20:00","environmental"
65,"CGACGC_LIB3","LIB3","16S","tag15","CGACGC","16S_metazoa_tag15F","AGTTACYYTAGGGATAACAGCG","NNNCGACGCAGTTACYYTAGGGATAACAGCG","16S_metazoa_tag15R","CCGGTCTGAACTCAGATCAYGT","NNNCGACGCCCGGTCTGAACTCAGATCAYGT","PCB-0627-1215","2014-06-27 12:15:00","environmental"
66,"GCGAGT_LIB3","LIB3","16S","tag16","GCGAGT","16S_metazoa_tag16F","AGTTACYYTAGGGATAACAGCG","NNNGCGAGTAGTTACYYTAGGGATAACAGCG","16S_metazoa_tag16R","CCGGTCTGAACTCAGATCAYGT","NNNGCGAGTCCGGTCTGAACTCAGATCAYGT","PCB-0627-1215","2014-06-27 12:15:00","environmental"
67,"ACTAGC_LIB3","LIB3","16S","tag17","ACTAGC","16S_metazoa_tag17F","AGTTACYYTAGGGATAACAGCG","NNNACTAGCAGTTACYYTAGGGATAACAGCG","16S_metazoa_tag17R","CCGGTCTGAACTCAGATCAYGT","NNNACTAGCCCGGTCTGAACTCAGATCAYGT","PCB-0627-1300","2014-06-27 13:00:00","environmental"
68,"CACGAT_LIB3","LIB3","16S","tag18","CACGAT","16S_metazoa_tag18F","AGTTACYYTAGGGATAACAGCG","NNNCACGATAGTTACYYTAGGGATAACAGCG","16S_metazoa_tag18R","CCGGTCTGAACTCAGATCAYGT","NNNCACGATCCGGTCTGAACTCAGATCAYGT","PCB-0627-1300","2014-06-27 13:00:00","environmental"
69,"CTGCGT_LIB3","LIB3","16S","tag19","CTGCGT","16S_metazoa_tag19F","AGTTACYYTAGGGATAACAGCG","NNNCTGCGTAGTTACYYTAGGGATAACAGCG","16S_metazoa_tag19R","CCGGTCTGAACTCAGATCAYGT","NNNCTGCGTCCGGTCTGAACTCAGATCAYGT","PCB-0629-1205","2014-06-29 12:05:00","environmental"
70,"ACTCTG_LIB3","LIB3","16S","tag20","ACTCTG","16S_metazoa_tag20F","AGTTACYYTAGGGATAACAGCG","NNNACTCTGAGTTACYYTAGGGATAACAGCG","16S_metazoa_tag20R","CCGGTCTGAACTCAGATCAYGT","NNNACTCTGCCGGTCTGAACTCAGATCAYGT","PCB-0629-1205","2014-06-29 12:05:00","environmental"
71,"ACTGAT_LIB3","LIB3","16S","tag21","ACTGAT","16S_metazoa_tag21F","AGTTACYYTAGGGATAACAGCG","NNNACTGATAGTTACYYTAGGGATAACAGCG","16S_metazoa_tag21R","CCGGTCTGAACTCAGATCAYGT","NNNACTGATCCGGTCTGAACTCAGATCAYGT","PCB-0629-1400","2014-06-29 14:00:00","environmental"
72,"GCGTAG_LIB3","LIB3","16S","tag22","GCGTAG","16S_metazoa_tag22F","AGTTACYYTAGGGATAACAGCG","NNNGCGTAGAGTTACYYTAGGGATAACAGCG","16S_metazoa_tag22R","CCGGTCTGAACTCAGATCAYGT","NNNGCGTAGCCGGTCTGAACTCAGATCAYGT","PCB-0629-1400","2014-06-29 14:00:00","environmental"
73,"TACGTG_LIB3","LIB3","16S","tag23","TACGTG","16S_metazoa_tag23F","AGTTACYYTAGGGATAACAGCG","NNNTACGTGAGTTACYYTAGGGATAACAGCG","16S_metazoa_tag23R","CCGGTCTGAACTCAGATCAYGT","NNNTACGTGCCGGTCTGAACTCAGATCAYGT","TILAPIA","NA","control"
74,"ATGATA_LIB3","LIB3","16S","tag24","ATGATA","16S_metazoa_tag24F","AGTTACYYTAGGGATAACAGCG","NNNATGATAAGTTACYYTAGGGATAACAGCG","16S_metazoa_tag24R","CCGGTCTGAACTCAGATCAYGT","NNNATGATACCGGTCTGAACTCAGATCAYGT","TILAPIA","NA","control"
75,"TCTGCG_LIB3","LIB3","16S","tag25","TCTGCG","16S_metazoa_tag25F","AGTTACYYTAGGGATAACAGCG","NNNTCTGCGAGTTACYYTAGGGATAACAGCG","16S_metazoa_tag25R","CCGGTCTGAACTCAGATCAYGT","NNNTCTGCGCCGGTCTGAACTCAGATCAYGT","DIH20-20140709","NA","control"
