order,sample_id,library_tag_combo,lib_primer_index,library,tag_sequence,env_sample_name,experiment,dist_from_shore,transect,PCR_replicate,sample_type
125,lib_B_tag_GCGAGT,B-16,B_GCGAGT,B,GCGAGT,PCT-C-0000,spatial,0,C,1,environmental
127,lib_H_tag_ATGTGC,H-30,H_ATGTGC,H,ATGTGC,PCT-C-0000,spatial,0,C,2,environmental
124,lib_J_tag_ATCAGT,J-13,J_ATCAGT,J,ATCAGT,PCT-C-0000,spatial,0,C,3,environmental
126,lib_J_tag_GCTACA,J-27,J_GCTACA,J,GCTACA,PCT-C-0000,spatial,0,C,4,environmental
128,lib_E_tag_ACACAC,E-1,E_ACACAC,E,ACACAC,PCT-C-0075,spatial,75,C,1,environmental
129,lib_H_tag_ACACAC,H-1,H_ACACAC,H,ACACAC,PCT-C-0075,spatial,75,C,2,environmental
131,lib_J_tag_CACGAT,J-18,J_CACGAT,J,CACGAT,PCT-C-0075,spatial,75,C,3,environmental
130,lib_K_tag_GCAGTG,K-11,K_GCAGTG,K,GCAGTG,PCT-C-0075,spatial,75,C,4,environmental
133,lib_F_tag_GCGAGT,F-16,F_GCGAGT,F,GCGAGT,PCT-C-0125,spatial,125,C,1,environmental
132,lib_G_tag_ATCAGT,G-13,G_ATCAGT,G,ATCAGT,PCT-C-0125,spatial,125,C,2,environmental
135,lib_K_tag_ATGATA,K-24,K_ATGATA,K,ATGATA,PCT-C-0125,spatial,125,C,3,environmental
134,lib_K_tag_GCGTAG,K-22,K_GCGTAG,K,GCGTAG,PCT-C-0125,spatial,125,C,4,environmental
139,lib_A_tag_ATGATA,A-24,A_ATGATA,A,ATGATA,PCT-C-0250,spatial,250,C,1,environmental
136,lib_E_tag_TGTATG,E-10,E_TGTATG,E,TGTATG,PCT-C-0250,spatial,250,C,2,environmental
138,lib_F_tag_CACGAT,F-18,F_CACGAT,F,CACGAT,PCT-C-0250,spatial,250,C,3,environmental
137,lib_H_tag_TCGTCA,H-14,H_TCGTCA,H,TCGTCA,PCT-C-0250,spatial,250,C,4,environmental
141,lib_B_tag_GCGCTC,B-4,B_GCGCTC,B,GCGCTC,PCT-C-0500,spatial,500,C,1,environmental
140,lib_C_tag_ACACAC,C-1,C_ACACAC,C,ACACAC,PCT-C-0500,spatial,500,C,2,environmental
142,lib_J_tag_ACGACG,J-6,J_ACGACG,J,ACGACG,PCT-C-0500,spatial,500,C,3,environmental
143,lib_J_tag_ATGTGC,J-30,J_ATGTGC,J,ATGTGC,PCT-C-0500,spatial,500,C,4,environmental
144,lib_C_tag_GCAGTG,C-11,C_GCAGTG,C,GCAGTG,PCT-C-1000,spatial,1000,C,1,environmental
145,lib_F_tag_GCAGTG,F-11,F_GCAGTG,F,GCAGTG,PCT-C-1000,spatial,1000,C,2,environmental
147,lib_G_tag_ATGATA,G-24,G_ATGATA,G,ATGATA,PCT-C-1000,spatial,1000,C,3,environmental
146,lib_J_tag_GCAGTG,J-11,J_GCAGTG,J,GCAGTG,PCT-C-1000,spatial,1000,C,4,environmental
151,lib_B_tag_TCTGCG,B-25,B_TCTGCG,B,TCTGCG,PCT-C-2000,spatial,2000,C,1,environmental
148,lib_C_tag_ACATGT,C-5,C_ACATGT,C,ACATGT,PCT-C-2000,spatial,2000,C,2,environmental
150,lib_F_tag_GATGAC,F-12,F_GATGAC,F,GATGAC,PCT-C-2000,spatial,2000,C,3,environmental
149,lib_H_tag_ACATGT,H-5,H_ACATGT,H,ACATGT,PCT-C-2000,spatial,2000,C,4,environmental
155,lib_C_tag_ACTCTG,C-20,C_ACTCTG,C,ACTCTG,PCT-C-4000,spatial,4000,C,1,environmental
153,lib_F_tag_TCGTCA,F-14,F_TCGTCA,F,TCGTCA,PCT-C-4000,spatial,4000,C,2,environmental
152,lib_G_tag_ATATCG,G-7,G_ATATCG,G,ATATCG,PCT-C-4000,spatial,4000,C,3,environmental
154,lib_H_tag_CACGAT,H-18,H_CACGAT,H,CACGAT,PCT-C-4000,spatial,4000,C,4,environmental
159,lib_D_tag_TAGATC,D-29,D_TAGATC,D,TAGATC,PCT-N-0000,spatial,0,N,1,environmental
158,lib_F_tag_AGAGAG,F-28,F_AGAGAG,F,AGAGAG,PCT-N-0000,spatial,0,N,2,environmental
156,lib_H_tag_ACAGCA,H-2,H_ACAGCA,H,ACAGCA,PCT-N-0000,spatial,0,N,3,environmental
157,lib_K_tag_ATCAGT,K-13,K_ATCAGT,K,ATCAGT,PCT-N-0000,spatial,0,N,4,environmental
163,lib_B_tag_ATGTGC,B-30,B_ATGTGC,B,ATGTGC,PCT-N-0075,spatial,75,N,1,environmental
160,lib_F_tag_CGACGC,F-15,F_CGACGC,F,CGACGC,PCT-N-0075,spatial,75,N,2,environmental
161,lib_G_tag_CGACGC,G-15,G_CGACGC,G,CGACGC,PCT-N-0075,spatial,75,N,3,environmental
162,lib_K_tag_CTGCGT,K-19,K_CTGCGT,K,CTGCGT,PCT-N-0075,spatial,75,N,4,environmental
167,lib_A_tag_TCGTCA,A-14,A_TCGTCA,A,TCGTCA,PCT-N-0125,spatial,125,N,1,environmental
165,lib_D_tag_ATATCG,D-7,D_ATATCG,D,ATATCG,PCT-N-0125,spatial,125,N,2,environmental
166,lib_F_tag_ATCAGT,F-13,F_ATCAGT,F,ATCAGT,PCT-N-0125,spatial,125,N,3,environmental
164,lib_G_tag_ACACAC,G-1,G_ACACAC,G,ACACAC,PCT-N-0125,spatial,125,N,4,environmental
170,lib_B_tag_GATGAC,B-12,B_GATGAC,B,GATGAC,PCT-N-0250,spatial,250,N,1,environmental
169,lib_B_tag_TGTATG,B-10,B_TGTATG,B,TGTATG,PCT-N-0250,spatial,250,N,2,environmental
168,lib_G_tag_ACATGT,G-5,G_ACATGT,G,ACATGT,PCT-N-0250,spatial,250,N,3,environmental
171,lib_H_tag_ATCAGT,H-13,H_ATCAGT,H,ATCAGT,PCT-N-0250,spatial,250,N,4,environmental
174,lib_C_tag_GCGAGT,C-16,C_GCGAGT,C,GCGAGT,PCT-N-0500,spatial,500,N,1,environmental
173,lib_D_tag_GATGAC,D-12,D_GATGAC,D,GATGAC,PCT-N-0500,spatial,500,N,2,environmental
175,lib_J_tag_TAGATC,J-29,J_TAGATC,J,TAGATC,PCT-N-0500,spatial,500,N,3,environmental
172,lib_K_tag_ACACAC,K-1,K_ACACAC,K,ACACAC,PCT-N-0500,spatial,500,N,4,environmental
176,lib_B_tag_ACGACG,B-6,B_ACGACG,B,ACGACG,PCT-N-1000,spatial,1000,N,1,environmental
178,lib_B_tag_GCGTAG,B-22,B_GCGTAG,B,GCGTAG,PCT-N-1000,spatial,1000,N,2,environmental
179,lib_F_tag_ATGATA,F-24,F_ATGATA,F,ATGATA,PCT-N-1000,spatial,1000,N,3,environmental
177,lib_J_tag_ACTGAT,J-21,J_ACTGAT,J,ACTGAT,PCT-N-1000,spatial,1000,N,4,environmental
180,lib_A_tag_ACACAC,A-1,A_ACACAC,A,ACACAC,PCT-N-2000,spatial,2000,N,1,environmental
181,lib_A_tag_ACAGCA,A-2,A_ACAGCA,A,ACAGCA,PCT-N-2000,spatial,2000,N,2,environmental
182,lib_E_tag_ACAGCA,E-2,E_ACAGCA,E,ACAGCA,PCT-N-2000,spatial,2000,N,3,environmental
183,lib_H_tag_GCGAGT,H-16,H_GCGAGT,H,GCGAGT,PCT-N-2000,spatial,2000,N,4,environmental
186,lib_A_tag_ACTCTG,A-20,A_ACTCTG,A,ACTCTG,PCT-N-4000,spatial,4000,N,1,environmental
187,lib_E_tag_TACGTG,E-23,E_TACGTG,E,TACGTG,PCT-N-4000,spatial,4000,N,2,environmental
184,lib_F_tag_GCGCTC,F-4,F_GCGCTC,F,GCGCTC,PCT-N-4000,spatial,4000,N,3,environmental
185,lib_G_tag_CTCGCA,G-8,G_CTCGCA,G,CTCGCA,PCT-N-4000,spatial,4000,N,4,environmental
191,lib_B_tag_ACTCTG,B-20,B_ACTCTG,B,ACTCTG,PCT-S-0000,spatial,0,S,1,environmental
189,lib_E_tag_ATATCG,E-7,E_ATATCG,E,ATATCG,PCT-S-0000,spatial,0,S,2,environmental
188,lib_F_tag_ACATGT,F-5,F_ACATGT,F,ACATGT,PCT-S-0000,spatial,0,S,3,environmental
190,lib_H_tag_ACTAGC,H-17,H_ACTAGC,H,ACTAGC,PCT-S-0000,spatial,0,S,4,environmental
193,lib_A_tag_ACTAGC,A-17,A_ACTAGC,A,ACTAGC,PCT-S-0075,spatial,75,S,1,environmental
195,lib_A_tag_AGAGAG,A-28,A_AGAGAG,A,AGAGAG,PCT-S-0075,spatial,75,S,2,environmental
194,lib_F_tag_ACTAGC,F-17,F_ACTAGC,F,ACTAGC,PCT-S-0075,spatial,75,S,3,environmental
192,lib_J_tag_ACAGCA,J-2,J_ACAGCA,J,ACAGCA,PCT-S-0075,spatial,75,S,4,environmental
196,lib_B_tag_ACAGCA,B-2,B_ACAGCA,B,ACAGCA,PCT-S-0125,spatial,125,S,1,environmental
198,lib_G_tag_ACTCTG,G-20,G_ACTCTG,G,ACTCTG,PCT-S-0125,spatial,125,S,2,environmental
197,lib_J_tag_ACTAGC,J-17,J_ACTAGC,J,ACTAGC,PCT-S-0125,spatial,125,S,3,environmental
199,lib_J_tag_TCTGCG,J-25,J_TCTGCG,J,TCTGCG,PCT-S-0125,spatial,125,S,4,environmental
203,lib_E_tag_CGACGC,E-15,E_CGACGC,E,CGACGC,PCT-S-0250,spatial,250,S,1,environmental
200,lib_K_tag_ACGACG,K-6,K_ACGACG,K,ACGACG,PCT-S-0250,spatial,250,S,2,environmental
201,lib_K_tag_CTCGCA,K-8,K_CTCGCA,K,CTCGCA,PCT-S-0250,spatial,250,S,3,environmental
202,lib_K_tag_TCGCAT,K-9,K_TCGCAT,K,TCGCAT,PCT-S-0250,spatial,250,S,4,environmental
205,lib_A_tag_CGACGC,A-15,A_CGACGC,A,CGACGC,PCT-S-0500,spatial,500,S,1,environmental
204,lib_B_tag_GCAGTG,B-11,B_GCAGTG,B,GCAGTG,PCT-S-0500,spatial,500,S,2,environmental
207,lib_E_tag_TAGATC,E-29,E_TAGATC,E,TAGATC,PCT-S-0500,spatial,500,S,3,environmental
206,lib_K_tag_ACTCTG,K-20,K_ACTCTG,K,ACTCTG,PCT-S-0500,spatial,500,S,4,environmental
210,lib_A_tag_TCGCAT,A-9,A_TCGCAT,A,TCGCAT,PCT-S-1000,spatial,1000,S,1,environmental
211,lib_D_tag_TCGTCA,D-14,D_TCGTCA,D,TCGTCA,PCT-S-1000,spatial,1000,S,2,environmental
209,lib_G_tag_ACAGCA,G-2,G_ACAGCA,G,ACAGCA,PCT-S-1000,spatial,1000,S,3,environmental
208,lib_J_tag_ACACAC,J-1,J_ACACAC,J,ACACAC,PCT-S-1000,spatial,1000,S,4,environmental
212,lib_A_tag_GCGCTC,A-4,A_GCGCTC,A,GCGCTC,PCT-S-2000,spatial,2000,S,1,environmental
215,lib_D_tag_GCTACA,D-27,D_GCTACA,D,GCTACA,PCT-S-2000,spatial,2000,S,2,environmental
214,lib_G_tag_GCGTAG,G-22,G_GCGTAG,G,GCGTAG,PCT-S-2000,spatial,2000,S,3,environmental
213,lib_K_tag_GCGCTC,K-4,K_GCGCTC,K,GCGCTC,PCT-S-2000,spatial,2000,S,4,environmental
216,lib_D_tag_ACATGT,D-5,D_ACATGT,D,ACATGT,PCT-S-4000,spatial,4000,S,1,environmental
217,lib_F_tag_ATATCG,F-7,F_ATATCG,F,ATATCG,PCT-S-4000,spatial,4000,S,2,environmental
219,lib_F_tag_ATGTGC,F-30,F_ATGTGC,F,ATGTGC,PCT-S-4000,spatial,4000,S,3,environmental
218,lib_J_tag_ATGCAG,J-26,J_ATGCAG,J,ATGCAG,PCT-S-4000,spatial,4000,S,4,environmental
