Index Number,Direction,5' pad,Index Sequence,Primer Sequence,Full Sequence
1,F,NNN,ACACAC,AGTTACYYTAGGGATAACAGCG,NNNACACACAGTTACYYTAGGGATAACAGCG
1,R,NNN,ACACAC,CCGGTCTGAACTCAGATCAYGT,NNNACACACCCGGTCTGAACTCAGATCAYGT
2,F,NNN,ACAGCA,AGTTACYYTAGGGATAACAGCG,NNNACAGCAAGTTACYYTAGGGATAACAGCG
2,R,NNN,ACAGCA,CCGGTCTGAACTCAGATCAYGT,NNNACAGCACCGGTCTGAACTCAGATCAYGT
3,F,NNN,GTCTCT,AGTTACYYTAGGGATAACAGCG,NNNGTCTCTAGTTACYYTAGGGATAACAGCG
3,R,NNN,GTCTCT,CCGGTCTGAACTCAGATCAYGT,NNNGTCTCTCCGGTCTGAACTCAGATCAYGT
4,F,NNN,GCGCTC,AGTTACYYTAGGGATAACAGCG,NNNGCGCTCAGTTACYYTAGGGATAACAGCG
4,R,NNN,GCGCTC,CCGGTCTGAACTCAGATCAYGT,NNNGCGCTCCCGGTCTGAACTCAGATCAYGT
5,F,NNN,ACATGT,AGTTACYYTAGGGATAACAGCG,NNNACATGTAGTTACYYTAGGGATAACAGCG
5,R,NNN,ACATGT,CCGGTCTGAACTCAGATCAYGT,NNNACATGTCCGGTCTGAACTCAGATCAYGT
6,F,NNN,ACGACG,AGTTACYYTAGGGATAACAGCG,NNNACGACGAGTTACYYTAGGGATAACAGCG
6,R,NNN,ACGACG,CCGGTCTGAACTCAGATCAYGT,NNNACGACGCCGGTCTGAACTCAGATCAYGT
7,F,NNN,ATATCG,AGTTACYYTAGGGATAACAGCG,NNNATATCGAGTTACYYTAGGGATAACAGCG
7,R,NNN,ATATCG,CCGGTCTGAACTCAGATCAYGT,NNNATATCGCCGGTCTGAACTCAGATCAYGT
8,F,NNN,CTCGCA,AGTTACYYTAGGGATAACAGCG,NNNCTCGCAAGTTACYYTAGGGATAACAGCG
8,R,NNN,CTCGCA,CCGGTCTGAACTCAGATCAYGT,NNNCTCGCACCGGTCTGAACTCAGATCAYGT
9,F,NNN,TCGCAT,AGTTACYYTAGGGATAACAGCG,NNNTCGCATAGTTACYYTAGGGATAACAGCG
9,R,NNN,TCGCAT,CCGGTCTGAACTCAGATCAYGT,NNNTCGCATCCGGTCTGAACTCAGATCAYGT
10,F,NNN,TGTATG,AGTTACYYTAGGGATAACAGCG,NNNTGTATGAGTTACYYTAGGGATAACAGCG
10,R,NNN,TGTATG,CCGGTCTGAACTCAGATCAYGT,NNNTGTATGCCGGTCTGAACTCAGATCAYGT
11,F,NNN,GCAGTG,AGTTACYYTAGGGATAACAGCG,NNNGCAGTGAGTTACYYTAGGGATAACAGCG
11,R,NNN,GCAGTG,CCGGTCTGAACTCAGATCAYGT,NNNGCAGTGCCGGTCTGAACTCAGATCAYGT
12,F,NNN,GATGAC,AGTTACYYTAGGGATAACAGCG,NNNGATGACAGTTACYYTAGGGATAACAGCG
12,R,NNN,GATGAC,CCGGTCTGAACTCAGATCAYGT,NNNGATGACCCGGTCTGAACTCAGATCAYGT
13,F,NNN,ATCAGT,AGTTACYYTAGGGATAACAGCG,NNNATCAGTAGTTACYYTAGGGATAACAGCG
13,R,NNN,ATCAGT,CCGGTCTGAACTCAGATCAYGT,NNNATCAGTCCGGTCTGAACTCAGATCAYGT
14,F,NNN,TCGTCA,AGTTACYYTAGGGATAACAGCG,NNNTCGTCAAGTTACYYTAGGGATAACAGCG
14,R,NNN,TCGTCA,CCGGTCTGAACTCAGATCAYGT,NNNTCGTCACCGGTCTGAACTCAGATCAYGT
15,F,NNN,CGACGC,AGTTACYYTAGGGATAACAGCG,NNNCGACGCAGTTACYYTAGGGATAACAGCG
15,R,NNN,CGACGC,CCGGTCTGAACTCAGATCAYGT,NNNCGACGCCCGGTCTGAACTCAGATCAYGT
16,F,NNN,GCGAGT,AGTTACYYTAGGGATAACAGCG,NNNGCGAGTAGTTACYYTAGGGATAACAGCG
16,R,NNN,GCGAGT,CCGGTCTGAACTCAGATCAYGT,NNNGCGAGTCCGGTCTGAACTCAGATCAYGT
17,F,NNN,ACTAGC,AGTTACYYTAGGGATAACAGCG,NNNACTAGCAGTTACYYTAGGGATAACAGCG
17,R,NNN,ACTAGC,CCGGTCTGAACTCAGATCAYGT,NNNACTAGCCCGGTCTGAACTCAGATCAYGT
18,F,NNN,CACGAT,AGTTACYYTAGGGATAACAGCG,NNNCACGATAGTTACYYTAGGGATAACAGCG
18,R,NNN,CACGAT,CCGGTCTGAACTCAGATCAYGT,NNNCACGATCCGGTCTGAACTCAGATCAYGT
19,F,NNN,CTGCGT,AGTTACYYTAGGGATAACAGCG,NNNCTGCGTAGTTACYYTAGGGATAACAGCG
19,R,NNN,CTGCGT,CCGGTCTGAACTCAGATCAYGT,NNNCTGCGTCCGGTCTGAACTCAGATCAYGT
20,F,NNN,ACTCTG,AGTTACYYTAGGGATAACAGCG,NNNACTCTGAGTTACYYTAGGGATAACAGCG
20,R,NNN,ACTCTG,CCGGTCTGAACTCAGATCAYGT,NNNACTCTGCCGGTCTGAACTCAGATCAYGT
21,F,NNN,ACTGAT,AGTTACYYTAGGGATAACAGCG,NNNACTGATAGTTACYYTAGGGATAACAGCG
21,R,NNN,ACTGAT,CCGGTCTGAACTCAGATCAYGT,NNNACTGATCCGGTCTGAACTCAGATCAYGT
22,F,NNN,GCGTAG,AGTTACYYTAGGGATAACAGCG,NNNGCGTAGAGTTACYYTAGGGATAACAGCG
22,R,NNN,GCGTAG,CCGGTCTGAACTCAGATCAYGT,NNNGCGTAGCCGGTCTGAACTCAGATCAYGT
23,F,NNN,TACGTG,AGTTACYYTAGGGATAACAGCG,NNNTACGTGAGTTACYYTAGGGATAACAGCG
23,R,NNN,TACGTG,CCGGTCTGAACTCAGATCAYGT,NNNTACGTGCCGGTCTGAACTCAGATCAYGT
24,F,NNN,ATGATA,AGTTACYYTAGGGATAACAGCG,NNNATGATAAGTTACYYTAGGGATAACAGCG
24,R,NNN,ATGATA,CCGGTCTGAACTCAGATCAYGT,NNNATGATACCGGTCTGAACTCAGATCAYGT
25,F,NNN,TCTGCG,AGTTACYYTAGGGATAACAGCG,NNNTCTGCGAGTTACYYTAGGGATAACAGCG
25,R,NNN,TCTGCG,CCGGTCTGAACTCAGATCAYGT,NNNTCTGCGCCGGTCTGAACTCAGATCAYGT